Time (s),elevator,throttle,aileron,rudder,pitch(rad),arspd(m/s?),bank(rad),gps hdg(deg),ahrs hdg(rad)
4.74920695228e-06,18,0,5232,0,-0.0113815860823,0.448797136545,-0.155333206058,70,0.0733922794461
0.0373159158496,18,0,5232,0,-0.0113815860823,0.448797136545,-0.155333206058,70,0.0733922794461
0.0419254402445,18,0,5232,0,-0.0113815860823,0.448797136545,-0.155333206058,70,0.0733922794461
0.046964628186,18,0,5232,0,-0.0113815860823,0.448797136545,-0.155333206058,70,0.0733922794461
0.0517481970474,18,0,5232,0,-0.0113815860823,0.448797136545,-0.155333206058,70,0.0733922794461
0.0614276395464,-13,0,16412,0,-0.0113815860823,0.448797136545,-0.155333206058,70,0.0733922794461
0.0656237035713,-13,0,16412,0,-0.0113815860823,0.448797136545,-0.155333206058,70,0.0733922794461
0.0839777122511,-13,0,16412,0,-0.0113815860823,0.448797136545,-0.155333206058,70,0.0733922794461
0.327333222519,-13,0,16412,0,-0.0100966338068,0.707825005054,-0.15435692668,71,0.0661534145474
0.336845325314,35,0,1600,0,-0.0100966338068,0.707825005054,-0.15435692668,71,0.0661534145474
0.341790367211,35,0,1600,0,-0.0100966338068,0.707825005054,-0.15435692668,71,0.0661534145474
0.346621428142,35,0,1600,0,-0.0100966338068,0.707825005054,-0.15435692668,71,0.0661534145474
0.359746001238,35,0,1600,0,-0.0100966338068,0.707825005054,-0.15435692668,71,0.0661534145474
0.364224503394,35,0,1600,0,-0.0100966338068,0.707825005054,-0.15435692668,71,0.0661534145474
0.373997812571,13,0,15576,0,-0.0100966338068,0.707825005054,-0.15435692668,71,0.0661534145474
0.400387758779,13,0,15576,0,-0.0100966338068,0.707825005054,-0.15435692668,71,0.0661534145474
0.405232508601,13,0,15576,0,-0.0100966338068,0.707825005054,-0.15435692668,71,0.0661534145474
0.415028725718,13,0,15576,0,-0.0100966338068,0.707825005054,-0.15435692668,71,0.0661534145474
0.419870123158,13,0,15576,0,-0.0100966338068,0.707825005054,-0.15435692668,71,0.0661534145474
0.429713273614,-8,0,-7340,0,-0.0100966338068,0.707825005054,-0.15435692668,71,0.0661534145474
0.582940010532,-8,0,-7340,0,-0.0105756111443,0.24278396368,-0.154906138778,72,0.061752833426
0.588277001686,-8,0,-7340,0,-0.0105756111443,0.24278396368,-0.154906138778,72,0.061752833426
0.592721421298,-8,0,-7340,0,-0.0105756111443,0.24278396368,-0.154906138778,72,0.061752833426
0.602368736809,10,0,-9640,0,-0.0105756111443,0.24278396368,-0.154906138778,72,0.061752833426
0.620171278752,10,0,-9640,0,-0.0105756111443,0.24278396368,-0.154906138778,72,0.061752833426
0.625009603176,10,0,-9640,0,-0.0105756111443,0.24278396368,-0.154906138778,72,0.061752833426
0.629873349825,10,0,-9640,0,-0.0105756111443,0.24278396368,-0.154906138778,72,0.061752833426
0.635156982242,10,0,-9640,0,-0.0105756111443,0.24278396368,-0.154906138778,72,0.061752833426
0.644539180259,61,0,-27756,0,-0.0105756111443,0.24278396368,-0.154906138778,72,0.061752833426
0.663123665159,61,0,-27756,0,-0.0105756111443,0.24278396368,-0.154906138778,72,0.061752833426
0.667972605457,61,0,-27756,0,-0.0105756111443,0.24278396368,-0.154906138778,72,0.061752833426
0.672852275918,61,0,-27756,0,-0.0105756111443,0.24278396368,-0.154906138778,72,0.061752833426
0.825869768364,-23,0,-13628,0,-0.0106913037598,0.704019546509,-0.159567117691,74,0.0644269809127
0.854531511687,-23,0,-13628,0,-0.0106913037598,0.704019546509,-0.159567117691,74,0.0644269809127
0.859362572617,-23,0,-13628,0,-0.0106913037598,0.704019546509,-0.159567117691,74,0.0644269809127
0.864254535143,-23,0,-13628,0,-0.0106913037598,0.704019546509,-0.159567117691,74,0.0644269809127
0.869075259565,-23,0,-13628,0,-0.0106913037598,0.704019546509,-0.159567117691,74,0.0644269809127
0.87885443541,94,0,6960,0,-0.0106913037598,0.704019546509,-0.159567117691,74,0.0644269809127
0.886730017363,94,0,6960,0,-0.0106913037598,0.704019546509,-0.159567117691,74,0.0644269809127
0.921130478874,94,0,6960,0,-0.0106913037598,0.704019546509,-0.159567117691,74,0.0644269809127
0.925780790575,94,0,6960,0,-0.0106913037598,0.704019546509,-0.159567117691,74,0.0644269809127
0.930627775318,94,0,6960,0,-0.0106913037598,0.704019546509,-0.159567117691,74,0.0644269809127
0.941387802081,15,0,-21080,0,-0.0106913037598,0.704019546509,-0.159567117691,74,0.0644269809127
0.946294012228,15,0,-21080,0,-0.0106913037598,0.704019546509,-0.159567117691,74,0.0644269809127
1.12023455495,15,0,-21080,0,-0.0117759378627,1.09999930859,-0.137954413891,77,0.0643535703421
1.12505751429,15,0,-21080,0,-0.0117759378627,1.09999930859,-0.137954413891,77,0.0643535703421
1.14058909722,-11,0,11492,0,-0.0117759378627,1.09999930859,-0.137954413891,77,0.0643535703421
1.14566907247,-11,0,11492,0,-0.0117759378627,1.09999930859,-0.137954413891,77,0.0643535703421
1.15039369529,-11,0,11492,0,-0.0117759378627,1.09999930859,-0.137954413891,77,0.0643535703421
1.15490404507,-11,0,11492,0,-0.0117759378627,1.09999930859,-0.137954413891,77,0.0643535703421
1.15908921385,-11,0,11492,0,-0.0117759378627,1.09999930859,-0.137954413891,77,0.0643535703421
1.18060088643,129,0,21200,0,-0.0117759378627,1.09999930859,-0.137954413891,77,0.0643535703421
1.18482265204,129,0,21200,0,-0.0117759378627,1.09999930859,-0.137954413891,77,0.0643535703421
1.18939222722,129,0,21200,0,-0.0117759378627,1.09999930859,-0.137954413891,77,0.0643535703421
1.19432553579,129,0,21200,0,-0.0117759378627,1.09999930859,-0.137954413891,77,0.0643535703421
1.19932449515,129,0,21200,0,-0.0117759378627,1.09999930859,-0.137954413891,77,0.0643535703421
1.47363533633,-55,0,-25408,0,-0.0117513192818,0.377299726009,-0.121806532145,77,0.0564619936049
1.49825494581,-55,0,-25408,0,-0.0117513192818,0.377299726009,-0.121806532145,77,0.0564619936049
1.50284742893,-55,0,-25408,0,-0.0117513192818,0.377299726009,-0.121806532145,77,0.0564619936049
1.50794332799,-55,0,-25408,0,-0.0117513192818,0.377299726009,-0.121806532145,77,0.0564619936049
1.51849299282,83,0,-2204,0,-0.0117513192818,0.377299726009,-0.121806532145,77,0.0564619936049
1.52351821251,83,0,-2204,0,-0.0117513192818,0.377299726009,-0.121806532145,77,0.0564619936049
1.52831211788,83,0,-2204,0,-0.0117513192818,0.377299726009,-0.121806532145,77,0.0564619936049
1.53807592864,83,0,-2204,0,-0.0117513192818,0.377299726009,-0.121806532145,77,0.0564619936049
1.54303633562,83,0,-2204,0,-0.0117513192818,0.377299726009,-0.121806532145,77,0.0564619936049
1.55268560669,77,0,18160,0,-0.0117513192818,0.377299726009,-0.121806532145,77,0.0564619936049
1.5576457343,77,0,18160,0,-0.0117513192818,0.377299726009,-0.121806532145,77,0.0564619936049
1.56253769683,77,0,18160,0,-0.0117513192818,0.377299726009,-0.121806532145,77,0.0564619936049
1.74409876116,77,0,18160,0,-0.0112413326278,0.184876844287,-0.143374547362,77,0.0603944920003
1.75272443844,60,0,20928,0,-0.0112413326278,0.184876844287,-0.143374547362,77,0.0603944920003
1.75805556293,60,0,20928,0,-0.0112413326278,0.184876844287,-0.143374547362,77,0.0603944920003
1.77090300583,60,0,20928,0,-0.0112413326278,0.184876844287,-0.143374547362,77,0.0603944920003
1.77539407942,60,0,20928,0,-0.0112413326278,0.184876844287,-0.143374547362,77,0.0603944920003
1.78032822607,60,0,20928,0,-0.0112413326278,0.184876844287,-0.143374547362,77,0.0603944920003
1.79019260828,40,0,29440,0,-0.0112413326278,0.184876844287,-0.143374547362,77,0.0603944920003
1.80086994297,40,0,29440,0,-0.0112413326278,0.184876844287,-0.143374547362,77,0.0603944920003
1.80551103562,40,0,29440,0,-0.0112413326278,0.184876844287,-0.143374547362,77,0.0603944920003
1.80954842026,40,0,29440,0,-0.0112413326278,0.184876844287,-0.143374547362,77,0.0603944920003
1.81438646532,40,0,29440,0,-0.0112413326278,0.184876844287,-0.143374547362,77,0.0603944920003
1.82422291101,85,0,-896,0,-0.0112413326278,0.184876844287,-0.143374547362,77,0.0603944920003
1.99648335193,85,0,-896,0,-0.0137559082359,1.17113018036,-0.129873067141,77,0.0587902851403
2.0009666033,85,0,-896,0,-0.0137559082359,1.17113018036,-0.129873067141,77,0.0587902851403
2.00585688963,85,0,-896,0,-0.0137559082359,1.17113018036,-0.129873067141,77,0.0587902851403
2.01562349405,20,0,10712,0,-0.0137559082359,1.17113018036,-0.129873067141,77,0.0587902851403
2.02052383753,20,0,10712,0,-0.0137559082359,1.17113018036,-0.129873067141,77,0.0587902851403
2.02537221909,20,0,10712,0,-0.0137559082359,1.17113018036,-0.129873067141,77,0.0587902851403
2.03010187049,20,0,10712,0,-0.0137559082359,1.17113018036,-0.129873067141,77,0.0587902851403
2.04497945968,20,0,10712,0,-0.0137559082359,1.17113018036,-0.129873067141,77,0.0587902851403
2.05466169583,59,0,-9728,0,-0.0137559082359,1.17113018036,-0.129873067141,77,0.0587902851403
2.05956343614,59,0,-9728,0,-0.0137559082359,1.17113018036,-0.129873067141,77,0.0587902851403
2.06447355739,59,0,-9728,0,-0.0137559082359,1.17113018036,-0.129873067141,77,0.0587902851403
2.06936105008,59,0,-9728,0,-0.0137559082359,1.17113018036,-0.129873067141,77,0.0587902851403
2.35744263587,84,0,-26176,0,-0.0152300745249,1.67187476158,-0.129381135106,77,0.0585905238986
2.36715755773,84,0,-26176,0,-0.0152300745249,1.67187476158,-0.129381135106,77,0.0585905238986
2.37211153932,84,0,-26176,0,-0.0152300745249,1.67187476158,-0.129381135106,77,0.0585905238986
2.37701132406,84,0,-26176,0,-0.0152300745249,1.67187476158,-0.129381135106,77,0.0585905238986
2.38186696913,84,0,-26176,0,-0.0152300745249,1.67187476158,-0.129381135106,77,0.0585905238986
2.39158189099,93,0,-32696,0,-0.0152300745249,1.67187476158,-0.129381135106,77,0.0585905238986
2.39647022177,93,0,-32696,0,-0.0152300745249,1.67187476158,-0.129381135106,77,0.0585905238986
2.40162869862,93,0,-32696,0,-0.0152300745249,1.67187476158,-0.129381135106,77,0.0585905238986
2.40625638175,93,0,-32696,0,-0.0152300745249,1.67187476158,-0.129381135106,77,0.0585905238986
2.41121455381,93,0,-32696,0,-0.0152300745249,1.67187476158,-0.129381135106,77,0.0585905238986
2.43060277214,26,0,816,0,-0.0152300745249,1.67187476158,-0.129381135106,77,0.0585905238986
2.43564223945,26,0,816,0,-0.0152300745249,1.67187476158,-0.129381135106,77,0.0585905238986
2.60557696579,26,0,816,0,-0.0152526460588,1.64938545227,-0.124343626201,77,0.0588447935879
2.61042450926,26,0,816,0,-0.0152526460588,1.64938545227,-0.124343626201,77,0.0588447935879
2.6416094783,63,0,-688,0,-0.0152526460588,1.64938545227,-0.124343626201,77,0.0588447935879
2.64647071066,63,0,-688,0,-0.0152526460588,1.64938545227,-0.124343626201,77,0.0588447935879
2.65143279383,63,0,-688,0,-0.0152526460588,1.64938545227,-0.124343626201,77,0.0588447935879
2.66115442046,63,0,-688,0,-0.0152526460588,1.64938545227,-0.124343626201,77,0.0588447935879
2.66601565283,63,0,-688,0,-0.0152526460588,1.64938545227,-0.124343626201,77,0.0588447935879
2.67581773661,35,0,-7464,0,-0.0152526460588,1.64938545227,-0.124343626201,77,0.0588447935879
2.68037306417,35,0,-7464,0,-0.0152526460588,1.64938545227,-0.124343626201,77,0.0588447935879
2.6847124425,35,0,-7464,0,-0.0152526460588,1.64938545227,-0.124343626201,77,0.0588447935879
2.68946276692,35,0,-7464,0,-0.0152526460588,1.64938545227,-0.124343626201,77,0.0588447935879
2.69439495802,35,0,-7464,0,-0.0152526460588,1.64938545227,-0.124343626201,77,0.0588447935879
2.94167135767,150,0,14184,0,-0.0161488987505,0.953221738338,-0.12432743609,77,0.0605159662664
2.94622836143,150,0,14184,0,-0.0161488987505,0.953221738338,-0.12432743609,77,0.0605159662664
2.9512792827,150,0,14184,0,-0.0161488987505,0.953221738338,-0.12432743609,77,0.0605159662664
2.95806506134,150,0,14184,0,-0.0161488987505,0.953221738338,-0.12432743609,77,0.0605159662664
2.98927182086,58,0,-3576,0,-0.0161488987505,0.953221738338,-0.12432743609,77,0.0605159662664
2.99427748499,58,0,-3576,0,-0.0161488987505,0.953221738338,-0.12432743609,77,0.0605159662664
2.99906356814,58,0,-3576,0,-0.0161488987505,0.953221738338,-0.12432743609,77,0.0605159662664
3.00399212749,58,0,-3576,0,-0.0161488987505,0.953221738338,-0.12432743609,77,0.0605159662664
3.00865501062,58,0,-3576,0,-0.0161488987505,0.953221738338,-0.12432743609,77,0.0605159662664
3.01769805939,53,0,-4144,0,-0.0161488987505,0.953221738338,-0.12432743609,77,0.0605159662664
3.02251738699,53,0,-4144,0,-0.0161488987505,0.953221738338,-0.12432743609,77,0.0605159662664
3.02737219395,53,0,-4144,0,-0.0161488987505,0.953221738338,-0.12432743609,77,0.0605159662664
3.26078929026,53,0,-4144,0,-0.015660494566,0.804808199406,-0.121302194893,77,0.0602152049541
3.27053075181,99,0,28456,0,-0.015660494566,0.804808199406,-0.121302194893,77,0.0602152049541
3.27538025084,99,0,28456,0,-0.015660494566,0.804808199406,-0.121302194893,77,0.0602152049541
3.28030517845,99,0,28456,0,-0.015660494566,0.804808199406,-0.121302194893,77,0.0602152049541
3.28518401082,99,0,28456,0,-0.015660494566,0.804808199406,-0.121302194893,77,0.0602152049541
3.29009888128,99,0,28456,0,-0.015660494566,0.804808199406,-0.121302194893,77,0.0602152049541
3.29970736504,113,0,-31392,0,-0.015660494566,0.804808199406,-0.121302194893,77,0.0602152049541
3.30475353711,113,0,-31392,0,-0.015660494566,0.804808199406,-0.121302194893,77,0.0602152049541
3.30961197582,113,0,-31392,0,-0.015660494566,0.804808199406,-0.121302194893,77,0.0602152049541
3.31446343041,113,0,-31392,0,-0.015660494566,0.804808199406,-0.121302194893,77,0.0602152049541
3.31932131039,113,0,-31392,0,-0.015660494566,0.804808199406,-0.121302194893,77,0.0602152049541
3.32911696878,49,0,-3220,0,-0.015660494566,0.804808199406,-0.121302194893,77,0.0602152049541
3.49045479244,49,0,-3220,0,-0.0138409174979,0.27604919672,-0.121689908206,77,0.0610425062478
3.49521685019,49,0,-3220,0,-0.0138409174979,0.27604919672,-0.121689908206,77,0.0610425062478
3.50014289526,49,0,-3220,0,-0.0138409174979,0.27604919672,-0.121689908206,77,0.0610425062478
3.50986256633,52,0,-31193,0,-0.0138409174979,0.27604919672,-0.121689908206,77,0.0610425062478
3.52829367978,52,0,-31193,0,-0.0138409174979,0.27604919672,-0.121689908206,77,0.0610425062478
3.53318424548,52,0,-31193,0,-0.0138409174979,0.27604919672,-0.121689908206,77,0.0610425062478
3.53807006198,52,0,-31193,0,-0.0138409174979,0.27604919672,-0.121689908206,77,0.0610425062478
3.54319780866,52,0,-31193,0,-0.0138409174979,0.27604919672,-0.121689908206,77,0.0610425062478
3.5525221781,124,0,9308,0,-0.0138409174979,0.27604919672,-0.121689908206,77,0.0610425062478
3.55638440081,124,0,9308,0,-0.0138409174979,0.27604919672,-0.121689908206,77,0.0610425062478
3.56061873786,124,0,9308,0,-0.0138409174979,0.27604919672,-0.121689908206,77,0.0610425062478
3.56547969085,124,0,9308,0,-0.0138409174979,0.27604919672,-0.121689908206,77,0.0610425062478
3.73434053769,101,0,4188,0,-0.00362761993892,0.619683027267,-0.122630789876,77,0.0633454024792
3.76273828098,101,0,4188,0,-0.00362761993892,0.619683027267,-0.122630789876,77,0.0633454024792
3.76770846574,101,0,4188,0,-0.00362761993892,0.619683027267,-0.122630789876,77,0.0633454024792
3.77729180664,101,0,4188,0,-0.00362761993892,0.619683027267,-0.122630789876,77,0.0633454024792
3.78113754681,101,0,4188,0,-0.00362761993892,0.619683027267,-0.122630789876,77,0.0633454024792
3.79984606982,88,0,28220,0,-0.00362761993892,0.619683027267,-0.122630789876,77,0.0633454024792
3.80473942917,88,0,28220,0,-0.00362761993892,0.619683027267,-0.122630789876,77,0.0633454024792
3.80956099169,88,0,28220,0,-0.00362761993892,0.619683027267,-0.122630789876,77,0.0633454024792
3.8144378685,88,0,28220,0,-0.00362761993892,0.619683027267,-0.122630789876,77,0.0633454024792
3.81938011675,88,0,28220,0,-0.00362761993892,0.619683027267,-0.122630789876,77,0.0633454024792
3.83107825157,73,0,-11508,0,-0.00362761993892,0.619683027267,-0.122630789876,77,0.0633454024792
3.84007855747,73,0,-11508,0,-0.00362761993892,0.619683027267,-0.122630789876,77,0.0633454024792
4.02861369252,73,0,-11508,0,-0.0237253680825,0.972259581089,-0.123756736517,77,0.0625190958381
4.03321707088,73,0,-11508,0,-0.0237253680825,0.972259581089,-0.123756736517,77,0.0625190958381
4.04318174517,24,0,26752,0,-0.0237253680825,0.972259581089,-0.123756736517,77,0.0625190958381
4.04783932036,24,0,26752,0,-0.0237253680825,0.972259581089,-0.123756736517,77,0.0625190958381
4.05275698448,24,0,26752,0,-0.0237253680825,0.972259581089,-0.123756736517,77,0.0625190958381
4.05764727081,24,0,26752,0,-0.0237253680825,0.972259581089,-0.123756736517,77,0.0625190958381
4.06252163334,24,0,26752,0,-0.0237253680825,0.972259581089,-0.123756736517,77,0.0625190958381
4.07228795839,73,0,-30560,0,-0.0237253680825,0.972259581089,-0.123756736517,77,0.0625190958381
4.08524435368,73,0,-30560,0,-0.0237253680825,0.972259581089,-0.123756736517,77,0.0625190958381
4.08987622729,73,0,-30560,0,-0.0237253680825,0.972259581089,-0.123756736517,77,0.0625190958381
4.09480841839,73,0,-30560,0,-0.0237253680825,0.972259581089,-0.123756736517,77,0.0625190958381
4.0995291301,73,0,-30560,0,-0.0237253680825,0.972259581089,-0.123756736517,77,0.0625190958381
4.36034551877,143,0,-31440,0,-0.0393038019538,2.03915405273,-0.121911890805,77,0.0629894956946
4.38482041712,143,0,-31440,0,-0.0393038019538,2.03915405273,-0.121911890805,77,0.0629894956946
4.38964896376,143,0,-31440,0,-0.0393038019538,2.03915405273,-0.121911890805,77,0.0629894956946
4.39456076121,143,0,-31440,0,-0.0393038019538,2.03915405273,-0.121911890805,77,0.0629894956946
4.4042843434,10,0,13016,0,-0.0393038019538,2.03915405273,-0.121911890805,77,0.0629894956946
4.40924642657,10,0,13016,0,-0.0393038019538,2.03915405273,-0.121911890805,77,0.0629894956946
4.41806039594,10,0,13016,0,-0.0393038019538,2.03915405273,-0.121911890805,77,0.0629894956946
4.45240889554,10,0,13016,0,-0.0393038019538,2.03915405273,-0.121911890805,77,0.0629894956946
4.45700780406,10,0,13016,0,-0.0393038019538,2.03915405273,-0.121911890805,77,0.0629894956946
4.46686995135,117,0,-4768,0,-0.0393038019538,2.03915405273,-0.121911890805,77,0.0629894956946
4.4716976599,117,0,-4768,0,-0.0393038019538,2.03915405273,-0.121911890805,77,0.0629894956946
4.47659269544,117,0,-4768,0,-0.0393038019538,2.03915405273,-0.121911890805,77,0.0629894956946
4.65053966356,117,0,-4768,0,-0.0580963715911,1.6141730547,-0.122584834695,77,0.0626462996006
4.65503185461,117,0,-4768,0,-0.0580963715911,1.6141730547,-0.122584834695,77,0.0626462996006
4.66406568433,-129,0,-1056,0,-0.0580963715911,1.6141730547,-0.122584834695,77,0.0626462996006
4.66896183733,-129,0,-1056,0,-0.0580963715911,1.6141730547,-0.122584834695,77,0.0626462996006
4.67409740623,-129,0,-1056,0,-0.0580963715911,1.6141730547,-0.122584834695,77,0.0626462996006
4.67869882904,-129,0,-1056,0,-0.0580963715911,1.6141730547,-0.122584834695,77,0.0626462996006
4.68362040427,-129,0,-1056,0,-0.0580963715911,1.6141730547,-0.122584834695,77,0.0626462996006
4.69335460233,134,0,7552,0,-0.0580963715911,1.6141730547,-0.122584834695,77,0.0626462996006
4.71391615415,134,0,7552,0,-0.0580963715911,1.6141730547,-0.122584834695,77,0.0626462996006
4.71876034524,134,0,7552,0,-0.0580963715911,1.6141730547,-0.122584834695,77,0.0626462996006
4.72379981255,134,0,7552,0,-0.0580963715911,1.6141730547,-0.122584834695,77,0.0626462996006
4.72854035918,134,0,7552,0,-0.0580963715911,1.6141730547,-0.122584834695,77,0.0626462996006
4.73828405566,-25,0,-9792,0,-0.0580963715911,1.6141730547,-0.122584834695,77,0.0626462996006
4.74340370075,-25,0,-9792,0,-0.0580963715911,1.6141730547,-0.122584834695,77,0.0626462996006
4.92036529782,-25,0,-9792,0,-0.0393719226122,0.808526158333,-0.122633315623,0,0.0621129795909
4.92970754663,-25,0,-9792,0,-0.0393719226122,0.808526158333,-0.122633315623,0,0.0621129795909
4.93948225263,70,0,-22336,0,-0.0393719226122,0.808526158333,-0.122633315623,0,0.0621129795909
4.9443554977,70,0,-22336,0,-0.0393719226122,0.808526158333,-0.122633315623,0,0.0621129795909
4.94922706657,70,0,-22336,0,-0.0393719226122,0.808526158333,-0.122633315623,0,0.0621129795909
4.95419110529,70,0,-22336,0,-0.0393719226122,0.808526158333,-0.122633315623,0,0.0621129795909
4.97827377502,70,0,-22336,0,-0.0393719226122,0.808526158333,-0.122633315623,0,0.0621129795909
4.98734671585,65,0,-25408,0,-0.0393719226122,0.808526158333,-0.122633315623,0,0.0621129795909
4.99230265299,65,0,-25408,0,-0.0393719226122,0.808526158333,-0.122633315623,0,0.0621129795909
4.99709963138,65,0,-25408,0,-0.0393719226122,0.808526158333,-0.122633315623,0,0.0621129795909
5.00210976535,65,0,-25408,0,-0.0393719226122,0.808526158333,-0.122633315623,0,0.0621129795909
5.00693859136,65,0,-25408,0,-0.0393719226122,0.808526158333,-0.122633315623,0,0.0621129795909
5.01665658624,74,0,-15384,0,-0.0393719226122,0.808526158333,-0.122633315623,0,0.0621129795909
5.37014844065,74,0,-15384,0,-0.00258647487499,0.277324467897,-0.123065285385,0,0.062552087009
5.37509823176,74,0,-15384,0,-0.00258647487499,0.277324467897,-0.123065285385,0,0.062552087009
5.37995667047,74,0,-15384,0,-0.00258647487499,0.277324467897,-0.123065285385,0,0.062552087009
5.38970707171,-24,0,-12448,0,-0.00258647487499,0.277324467897,-0.123065285385,0,0.062552087009
5.39852774584,-24,0,-12448,0,-0.00258647487499,0.277324467897,-0.123065285385,0,0.062552087009
5.4034146798,-24,0,-12448,0,-0.00258647487499,0.277324467897,-0.123065285385,0,0.062552087009
5.40822395025,-24,0,-12448,0,-0.00258647487499,0.277324467897,-0.123065285385,0,0.062552087009
5.41303238261,-24,0,-12448,0,-0.00258647487499,0.277324467897,-0.123065285385,0,0.062552087009
5.42288866322,204,0,-6354,0,-0.00258647487499,0.277324467897,-0.123065285385,0,0.062552087009
5.4415142148,204,0,-6354,0,-0.00258647487499,0.277324467897,-0.123065285385,0,0.062552087009
5.44626733286,204,0,-6354,0,-0.00258647487499,0.277324467897,-0.123065285385,0,0.062552087009
5.45020442542,204,0,-6354,0,-0.00258647487499,0.277324467897,-0.123065285385,0,0.062552087009
5.45508018477,204,0,-6354,0,-0.00258647487499,0.277324467897,-0.123065285385,0,0.062552087009
5.61823471978,1,0,24560,0,0.012898481451,0.525613546371,-0.123494148254,0,0.063631914556
5.63083464519,1,0,24560,0,0.012898481451,0.525613546371,-0.123494148254,0,0.063631914556
5.63465384567,1,0,24560,0,0.012898481451,0.525613546371,-0.123494148254,0,0.063631914556
5.63875743984,1,0,24560,0,0.012898481451,0.525613546371,-0.123494148254,0,0.063631914556
5.65238487014,119,0,-11416,0,0.012898481451,0.525613546371,-0.123494148254,0,0.063631914556
5.65732208982,119,0,-11416,0,0.012898481451,0.525613546371,-0.123494148254,0,0.063631914556
5.66219896663,119,0,-11416,0,0.012898481451,0.525613546371,-0.123494148254,0,0.063631914556
5.69853459029,119,0,-11416,0,0.012898481451,0.525613546371,-0.123494148254,0,0.063631914556
5.70315752421,119,0,-11416,0,0.012898481451,0.525613546371,-0.123494148254,0,0.063631914556
5.7128682556,71,0,22688,0,0.012898481451,0.525613546371,-0.123494148254,0,0.063631914556
5.71784738004,71,0,22688,0,0.012898481451,0.525613546371,-0.123494148254,0,0.063631914556
5.72272593304,71,0,22688,0,0.012898481451,0.525613546371,-0.123494148254,0,0.063631914556
5.72759666382,71,0,22688,0,0.012898481451,0.525613546371,-0.123494148254,0,0.063631914556
5.89757217747,48,0,28976,0,-0.00897107459605,0.257550626993,-0.123301565647,245,0.0678784996271
5.90735135331,48,0,28976,0,-0.00897107459605,0.257550626993,-0.123301565647,245,0.0678784996271
5.91221789361,48,0,28976,0,-0.00897107459605,0.257550626993,-0.123301565647,245,0.0678784996271
5.92508852382,48,0,28976,0,-0.00897107459605,0.257550626993,-0.123301565647,245,0.0678784996271
5.92973520378,48,0,28976,0,-0.00897107459605,0.257550626993,-0.123301565647,245,0.0678784996271
5.9393503923,158,0,15920,0,-0.00897107459605,0.257550626993,-0.123301565647,245,0.0678784996271
5.94341822774,158,0,15920,0,-0.00897107459605,0.257550626993,-0.123301565647,245,0.0678784996271
5.94829622201,158,0,15920,0,-0.00897107459605,0.257550626993,-0.123301565647,245,0.0678784996271
5.95811953754,158,0,15920,0,-0.00897107459605,0.257550626993,-0.123301565647,245,0.0678784996271
5.96876977381,158,0,15920,0,-0.00897107459605,0.257550626993,-0.123301565647,245,0.0678784996271
5.97852632108,71,0,-12416,0,-0.00897107459605,0.257550626993,-0.123301565647,245,0.0678784996271
5.98358953442,71,0,-12416,0,-0.00897107459605,0.257550626993,-0.123301565647,245,0.0678784996271
5.98828314772,71,0,-12416,0,-0.00897107459605,0.257550626993,-0.123301565647,245,0.0678784996271
5.99328573883,71,0,-12416,0,-0.00897107459605,0.257550626993,-0.123301565647,245,0.0678784996271
6.23681836658,46,0,15696,0,-0.0164884030819,1.38403248787,-0.126384183764,250,0.0699731186032
6.25396272431,46,0,15696,0,-0.0164884030819,1.38403248787,-0.126384183764,250,0.0699731186032
6.32157913925,46,0,15696,0,-0.0164884030819,1.38403248787,-0.126384183764,250,0.0699731186032
6.32622861285,46,0,15696,0,-0.0164884030819,1.38403248787,-0.126384183764,250,0.0699731186032
6.33116583253,46,0,15696,0,-0.0164884030819,1.38403248787,-0.126384183764,250,0.0699731186032
6.34088159249,120,0,-11936,0,-0.0164884030819,1.38403248787,-0.126384183764,250,0.0699731186032
6.34577159946,120,0,-11936,0,-0.0164884030819,1.38403248787,-0.126384183764,250,0.0699731186032
6.35066467945,120,0,-11936,0,-0.0164884030819,1.38403248787,-0.126384183764,250,0.0699731186032
6.35553680705,120,0,-11936,0,-0.0164884030819,1.38403248787,-0.126384183764,250,0.0699731186032
6.36039999497,120,0,-11936,0,-0.0164884030819,1.38403248787,-0.126384183764,250,0.0699731186032
6.37015430732,44,0,-6992,0,-0.0164884030819,1.38403248787,-0.126384183764,250,0.0699731186032
6.37510214287,44,0,-6992,0,-0.0164884030819,1.38403248787,-0.126384183764,250,0.0699731186032
6.37992286729,44,0,-6992,0,-0.0164884030819,1.38403248787,-0.126384183764,250,0.0699731186032
6.38521292511,44,0,-6992,0,-0.0164884030819,1.38403248787,-0.126384183764,250,0.0699731186032
6.54209571328,161,0,25152,0,-0.0201272629201,1.5630120039,-0.13125731051,253,0.0693606585264
6.58306656293,161,0,25152,0,-0.0201272629201,1.5630120039,-0.13125731051,253,0.0693606585264
6.58801942705,161,0,25152,0,-0.0201272629201,1.5630120039,-0.13125731051,253,0.0693606585264
6.59288931973,161,0,25152,0,-0.0201272629201,1.5630120039,-0.13125731051,253,0.0693606585264
6.59777709178,161,0,25152,0,-0.0201272629201,1.5630120039,-0.13125731051,253,0.0693606585264
6.60752274381,14,0,-20800,0,-0.0201272629201,1.5630120039,-0.13125731051,253,0.0693606585264
6.61239794443,14,0,-20800,0,-0.0201272629201,1.5630120039,-0.13125731051,253,0.0693606585264
6.6168747704,14,0,-20800,0,-0.0201272629201,1.5630120039,-0.13125731051,253,0.0693606585264
6.62117783126,14,0,-20800,0,-0.0201272629201,1.5630120039,-0.13125731051,253,0.0693606585264
6.63602636648,14,0,-20800,0,-0.0201272629201,1.5630120039,-0.13125731051,253,0.0693606585264
6.64561864706,134,0,-208,0,-0.0201272629201,1.5630120039,-0.13125731051,253,0.0693606585264
6.65048714292,134,0,-208,0,-0.0201272629201,1.5630120039,-0.13125731051,253,0.0693606585264
6.65537156259,134,0,-208,0,-0.0201272629201,1.5630120039,-0.13125731051,253,0.0693606585264
6.66027889019,134,0,-208,0,-0.0201272629201,1.5630120039,-0.13125731051,253,0.0693606585264
6.92294607276,130,0,23264,0,0.00609769765288,1.40741324425,-0.104672588408,253,0.0542079284787
6.93264143907,130,0,23264,0,0.00609769765288,1.40741324425,-0.104672588408,253,0.0542079284787
6.93757390953,130,0,23264,0,0.00609769765288,1.40741324425,-0.104672588408,253,0.0542079284787
6.94244575777,130,0,23264,0,0.00609769765288,1.40741324425,-0.104672588408,253,0.0542079284787
6.94734386633,130,0,23264,0,0.00609769765288,1.40741324425,-0.104672588408,253,0.0542079284787
6.95906826147,177,0,2032,0,0.00609769765288,1.40741324425,-0.104672588408,253,0.0542079284787
6.96394290336,177,0,2032,0,0.00609769765288,1.40741324425,-0.104672588408,253,0.0542079284787
6.96885972938,177,0,2032,0,0.00609769765288,1.40741324425,-0.104672588408,253,0.0542079284787
6.97382991414,177,0,2032,0,0.00609769765288,1.40741324425,-0.104672588408,253,0.0542079284787
6.97862605443,177,0,2032,0,0.00609769765288,1.40741324425,-0.104672588408,253,0.0542079284787
7.00392424177,135,0,12480,0,0.00609769765288,1.40741324425,-0.104672588408,253,0.0542079284787
7.00881815985,135,0,12480,0,0.00609769765288,1.40741324425,-0.104672588408,253,0.0542079284787
7.01372632555,135,0,12480,0,0.00609769765288,1.40741324425,-0.104672588408,253,0.0542079284787
7.02387677764,135,0,12480,0,0.00609769765288,1.40741324425,-0.104672588408,253,0.0542079284787
7.02858352109,135,0,12480,0,0.00609769765288,1.40741324425,-0.104672588408,253,0.0542079284787
7.22181562182,254,0,-31104,0,0.0286368001252,0.732880651951,-0.0732709541917,253,0.0482418648899
7.22667545736,254,0,-31104,0,0.0286368001252,0.732880651951,-0.0732709541917,253,0.0482418648899
7.25721565171,254,0,-31104,0,0.0286368001252,0.732880651951,-0.0732709541917,253,0.0482418648899
7.26670791958,130,0,23120,0,0.0286368001252,0.732880651951,-0.0732709541917,253,0.0482418648899
7.27163228846,130,0,23120,0,0.0286368001252,0.732880651951,-0.0732709541917,253,0.0482418648899
7.27628846683,130,0,23120,0,0.0286368001252,0.732880651951,-0.0732709541917,253,0.0482418648899
7.2803032229,130,0,23120,0,0.0286368001252,0.732880651951,-0.0732709541917,253,0.0482418648899
7.28428920435,130,0,23120,0,0.0286368001252,0.732880651951,-0.0732709541917,253,0.0482418648899
7.29498832952,216,0,-1376,0,0.0286368001252,0.732880651951,-0.0732709541917,253,0.0482418648899
7.58324731216,216,0,-1376,0,0.0376566536725,0.85174447298,-0.0394640564919,253,0.0452586524189
7.59854646331,270,0,29728,0,0.0376566536725,0.85174447298,-0.0394640564919,253,0.0452586524189
7.60232543522,270,0,29728,0,0.0376566536725,0.85174447298,-0.0394640564919,253,0.0452586524189
7.62116972967,263,0,-16704,0,0.0376566536725,0.85174447298,-0.0394640564919,253,0.0452586524189
7.62604548902,263,0,-16704,0,0.0376566536725,0.85174447298,-0.0394640564919,253,0.0452586524189
7.63092348329,263,0,-16704,0,0.0376566536725,0.85174447298,-0.0394640564919,253,0.0452586524189
7.6357883474,263,0,-16704,0,0.0376566536725,0.85174447298,-0.0394640564919,253,0.0452586524189
7.64071243692,263,0,-16704,0,0.0376566536725,0.85174447298,-0.0394640564919,253,0.0452586524189
7.65047093974,280,0,-11648,0,0.0376566536725,0.85174447298,-0.0394640564919,253,0.0452586524189
7.65533915623,280,0,-11648,0,0.0376566536725,0.85174447298,-0.0394640564919,253,0.0452586524189
7.8359934014,280,0,-11648,0,0.0291228760034,0.907135903835,-0.0942875742912,253,0.04869100824
7.84088927503,280,0,-11648,0,0.0291228760034,0.907135903835,-0.0942875742912,253,0.04869100824
7.86140389351,384,0,29472,0,0.0291228760034,0.907135903835,-0.0942875742912,253,0.04869100824
7.86627211,384,0,29472,0,0.0291228760034,0.907135903835,-0.0942875742912,253,0.04869100824
7.87115373602,384,0,29472,0,0.0291228760034,0.907135903835,-0.0942875742912,253,0.04869100824
7.87604094934,384,0,29472,0,0.0291228760034,0.907135903835,-0.0942875742912,253,0.04869100824
7.88092508964,384,0,29472,0,0.0291228760034,0.907135903835,-0.0942875742912,253,0.04869100824
7.89063442421,227,0,-5280,0,0.0291228760034,0.907135903835,-0.0942875742912,253,0.04869100824
7.89560656452,227,0,-5280,0,0.0291228760034,0.907135903835,-0.0942875742912,253,0.04869100824
7.90040801275,227,0,-5280,0,0.0291228760034,0.907135903835,-0.0942875742912,253,0.04869100824
7.90539048957,227,0,-5280,0,0.0291228760034,0.907135903835,-0.0942875742912,253,0.04869100824
7.91025451559,227,0,-5280,0,0.0291228760034,0.907135903835,-0.0942875742912,253,0.04869100824
7.92072512009,389,0,25184,0,0.0291228760034,0.907135903835,-0.0942875742912,253,0.04869100824
7.92489073332,389,0,25184,0,0.0291228760034,0.907135903835,-0.0942875742912,253,0.04869100824
7.92983773077,389,0,25184,0,0.0291228760034,0.907135903835,-0.0942875742912,253,0.04869100824
8.24137090049,305,0,31584,0,0.0170827675611,1.65609931946,-0.102070949972,253,0.0443968996406
8.25105118109,318,0,24224,0,0.0170827675611,1.65609931946,-0.102070949972,253,0.0443968996406
8.2559984579,318,0,24224,0,0.0170827675611,1.65609931946,-0.102070949972,253,0.0443968996406
8.26054205213,318,0,24224,0,0.0170827675611,1.65609931946,-0.102070949972,253,0.0443968996406
8.26434113833,318,0,24224,0,0.0170827675611,1.65609931946,-0.102070949972,253,0.0443968996406
8.29229748474,318,0,24224,0,0.0170827675611,1.65609931946,-0.102070949972,253,0.0443968996406
8.30184367008,422,0,-19168,0,0.0170827675611,1.65609931946,-0.102070949972,253,0.0443968996406
8.30676189292,422,0,-19168,0,0.0170827675611,1.65609931946,-0.102070949972,253,0.0443968996406
8.31164212211,422,0,-19168,0,0.0170827675611,1.65609931946,-0.102070949972,253,0.0443968996406
8.31656313861,422,0,-19168,0,0.0170827675611,1.65609931946,-0.102070949972,253,0.0443968996406
8.32143386939,422,0,-19168,0,0.0170827675611,1.65609931946,-0.102070949972,253,0.0443968996406
8.33120298809,434,0,8128,0,0.0170827675611,1.65609931946,-0.102070949972,253,0.0443968996406
8.33607958553,434,0,8128,0,0.0170827675611,1.65609931946,-0.102070949972,253,0.0443968996406
8.59621180904,434,0,8128,0,0.0416163876653,1.60032606125,-0.0972921550274,253,0.0303607843816
8.6006302477,434,0,8128,0,0.0416163876653,1.60032606125,-0.0972921550274,253,0.0303607843816
8.61047870609,469,0,-28768,0,0.0416163876653,1.60032606125,-0.0972921550274,253,0.0303607843816
8.61543464323,469,0,-28768,0,0.0416163876653,1.60032606125,-0.0972921550274,253,0.0303607843816
8.62024112003,469,0,-28768,0,0.0416163876653,1.60032606125,-0.0972921550274,253,0.0303607843816
8.62520460003,469,0,-28768,0,0.0416163876653,1.60032606125,-0.0972921550274,253,0.0303607843816
8.62997224508,469,0,-28768,0,0.0416163876653,1.60032606125,-0.0972921550274,253,0.0303607843816
8.63974806854,460,0,-15936,0,0.0416163876653,1.60032606125,-0.0972921550274,253,0.0303607843816
8.66029704893,460,0,-15936,0,0.0416163876653,1.60032606125,-0.0972921550274,253,0.0303607843816
8.6651501797,460,0,-15936,0,0.0416163876653,1.60032606125,-0.0972921550274,253,0.0303607843816
8.67003906921,460,0,-15936,0,0.0416163876653,1.60032606125,-0.0972921550274,253,0.0303607843816
8.67486286665,460,0,-15936,0,0.0416163876653,1.60032606125,-0.0972921550274,253,0.0303607843816
8.68563127437,439,0,-14400,0,0.0416163876653,1.60032606125,-0.0972921550274,253,0.0303607843816
8.69054726229,439,0,-14400,0,0.0416163876653,1.60032606125,-0.0972921550274,253,0.0303607843816
8.69545291371,439,0,-14400,0,0.0416163876653,1.60032606125,-0.0972921550274,253,0.0303607843816
8.70030017782,439,0,-14400,0,0.0416163876653,1.60032606125,-0.0972921550274,253,0.0303607843816
8.71118061094,439,0,-14400,0,0.0416163876653,1.60032606125,-0.0972921550274,253,0.0303607843816
8.7208916217,523,0,23360,0,0.0416163876653,1.60032606125,-0.0972921550274,253,0.0303607843816
8.9697388914,523,0,23360,0,0.0773839429021,1.7338116169,-0.0753603279591,253,0.0327465794981
8.97372766651,523,0,23360,0,0.0773839429021,1.7338116169,-0.0753603279591,253,0.0327465794981
8.97952672756,523,0,23360,0,0.0773839429021,1.7338116169,-0.0753603279591,253,0.0327465794981
8.98841891916,598,0,-11552,0,0.0773839429021,1.7338116169,-0.0753603279591,253,0.0327465794981
8.99330389756,598,0,-11552,0,0.0773839429021,1.7338116169,-0.0753603279591,253,0.0327465794981
9.00831139153,598,0,-11552,0,0.0773839429021,1.7338116169,-0.0753603279591,253,0.0327465794981
9.0127817921,598,0,-11552,0,0.0773839429021,1.7338116169,-0.0753603279591,253,0.0327465794981
9.01766760859,598,0,-11552,0,0.0773839429021,1.7338116169,-0.0753603279591,253,0.0327465794981
9.0272012225,616,0,-2176,0,0.0773839429021,1.7338116169,-0.0753603279591,253,0.0327465794981
9.03352995981,616,0,-2176,0,0.0773839429021,1.7338116169,-0.0753603279591,253,0.0327465794981
9.03915693196,616,0,-2176,0,0.0773839429021,1.7338116169,-0.0753603279591,253,0.0327465794981
9.04891040621,616,0,-2176,0,0.0773839429021,1.7338116169,-0.0753603279591,253,0.0327465794981
9.05378644493,616,0,-2176,0,0.0773839429021,1.7338116169,-0.0753603279591,253,0.0327465794981
9.06358433823,719,0,27840,0,0.0773839429021,1.7338116169,-0.0753603279591,253,0.0327465794981
9.07664773037,719,0,27840,0,0.0773839429021,1.7338116169,-0.0753603279591,253,0.0327465794981
9.08113461348,719,0,27840,0,0.0773839429021,1.7338116169,-0.0753603279591,253,0.0327465794981
9.08603970616,719,0,27840,0,0.0773839429021,1.7338116169,-0.0753603279591,253,0.0327465794981
9.09092133218,719,0,27840,0,0.0773839429021,1.7338116169,-0.0753603279591,253,0.0327465794981
9.34380123731,548,0,-3264,0,0.102434515953,1.41637301445,-0.0641395524144,253,0.0407598353922
9.38005556572,548,0,-3264,0,0.102434515953,1.41637301445,-0.0641395524144,253,0.0407598353922
9.38486371871,548,0,-3264,0,0.102434515953,1.41637301445,-0.0641395524144,253,0.0407598353922
9.38973584632,548,0,-3264,0,0.102434515953,1.41637301445,-0.0641395524144,253,0.0407598353922
9.39953038724,814,0,-21376,0,0.102434515953,1.41637301445,-0.0641395524144,253,0.0407598353922
9.42020843431,814,0,-21376,0,0.102434515953,1.41637301445,-0.0641395524144,253,0.0407598353922
9.42486908252,814,0,-21376,0,0.102434515953,1.41637301445,-0.0641395524144,253,0.0407598353922
9.4298110514,814,0,-21376,0,0.102434515953,1.41637301445,-0.0641395524144,253,0.0407598353922
9.43468262028,814,0,-21376,0,0.102434515953,1.41637301445,-0.0641395524144,253,0.0407598353922
9.44439558659,756,0,-13696,0,0.102434515953,1.41637301445,-0.0641395524144,253,0.0407598353922
9.44932889515,756,0,-13696,0,0.102434515953,1.41637301445,-0.0641395524144,253,0.0407598353922
9.45420912434,756,0,-13696,0,0.102434515953,1.41637301445,-0.0641395524144,253,0.0407598353922
9.45948549327,756,0,-13696,0,0.102434515953,1.41637301445,-0.0641395524144,253,0.0407598353922
9.46403495416,756,0,-13696,0,0.102434515953,1.41637301445,-0.0641395524144,253,0.0407598353922
9.47371495539,795,0,21984,0,0.102434515953,1.41637301445,-0.0641395524144,253,0.0407598353922
9.48855622712,795,0,21984,0,0.102434515953,1.41637301445,-0.0641395524144,253,0.0407598353922
9.4932034658,795,0,21984,0,0.102434515953,1.41637301445,-0.0641395524144,253,0.0407598353922
9.49818873628,795,0,21984,0,0.102434515953,1.41637301445,-0.0641395524144,253,0.0407598353922
9.50304102896,795,0,21984,0,0.102434515953,1.41637301445,-0.0641395524144,253,0.0407598353922
9.51276461114,851,0,-29696,0,0.102434515953,1.41637301445,-0.0641395524144,253,0.0407598353922
9.51765489748,851,0,-29696,0,0.102434515953,1.41637301445,-0.0641395524144,253,0.0407598353922
9.67879884175,851,0,-29696,0,0.116098798811,0.772582948208,-0.0374604649842,253,0.0428834855556
9.68234733744,851,0,-29696,0,0.116098798811,0.772582948208,-0.0374604649842,253,0.0428834855556
9.69154403702,945,0,0,0,0.116098798811,0.772582948208,-0.0374604649842,253,0.0428834855556
9.69634073604,945,0,0,0,0.116098798811,0.772582948208,-0.0374604649842,253,0.0428834855556
9.70132433033,945,0,0,0,0.116098798811,0.772582948208,-0.0374604649842,253,0.0428834855556
9.70618723888,945,0,0,0,0.116098798811,0.772582948208,-0.0374604649842,253,0.0428834855556
9.71107054109,945,0,0,0,0.116098798811,0.772582948208,-0.0374604649842,253,0.0428834855556
9.73247549619,920,0,23296,0,0.116098798811,0.772582948208,-0.0374604649842,253,0.0428834855556
9.73742640475,920,0,23296,0,0.116098798811,0.772582948208,-0.0374604649842,253,0.0428834855556
9.74254772604,920,0,23296,0,0.116098798811,0.772582948208,-0.0374604649842,253,0.0428834855556
9.74716423456,920,0,23296,0,0.116098798811,0.772582948208,-0.0374604649842,253,0.0428834855556
9.75210005741,920,0,23296,0,0.116098798811,0.772582948208,-0.0374604649842,253,0.0428834855556
9.76176664911,1079,0,-4200,0,0.116098798811,0.772582948208,-0.0374604649842,253,0.0428834855556
9.7668030434,1079,0,-4200,0,0.116098798811,0.772582948208,-0.0374604649842,253,0.0428834855556
9.77201459962,1079,0,-4200,0,0.116098798811,0.772582948208,-0.0374604649842,253,0.0428834855556
9.77646209225,1079,0,-4200,0,0.116098798811,0.772582948208,-0.0374604649842,253,0.0428834855556
9.78137863891,1079,0,-4200,0,0.116098798811,0.772582948208,-0.0374604649842,253,0.0428834855556
9.7930818023,1039,0,-5760,0,0.116098798811,0.772582948208,-0.0374604649842,253,0.0428834855556
9.79807824738,1039,0,-5760,0,0.116098798811,0.772582948208,-0.0374604649842,253,0.0428834855556
9.80298501625,1039,0,-5760,0,0.116098798811,0.772582948208,-0.0374604649842,253,0.0428834855556
9.8126136143,1039,0,-5760,0,0.116098798811,0.772582948208,-0.0374604649842,253,0.0428834855556
10.0087170297,1028,0,-2896,0,0.131941005588,0.420524209738,-0.0318755358458,253,0.0432315729558
10.0177276721,1028,0,-2896,0,0.131941005588,0.420524209738,-0.0318755358458,253,0.0432315729558
10.0226302505,1028,0,-2896,0,0.131941005588,0.420524209738,-0.0318755358458,253,0.0432315729558
10.0274506955,1028,0,-2896,0,0.131941005588,0.420524209738,-0.0318755358458,253,0.0432315729558
10.0324812232,1028,0,-2896,0,0.131941005588,0.420524209738,-0.0318755358458,253,0.0432315729558
10.0508841207,1228,0,-18976,0,0.131941005588,0.420524209738,-0.0318755358458,253,0.0432315729558
10.055829442,1228,0,-18976,0,0.131941005588,0.420524209738,-0.0318755358458,253,0.0432315729558
10.0606524014,1228,0,-18976,0,0.131941005588,0.420524209738,-0.0318755358458,253,0.0432315729558
10.0655795639,1228,0,-18976,0,0.131941005588,0.420524209738,-0.0318755358458,253,0.0432315729558
10.0723195266,1228,0,-18976,0,0.131941005588,0.420524209738,-0.0318755358458,253,0.0432315729558
10.0821892168,1152,0,0,0,0.131941005588,0.420524209738,-0.0318755358458,253,0.0432315729558
10.0871468301,1152,0,0,0,0.131941005588,0.420524209738,-0.0318755358458,253,0.0432315729558
10.091889891,1152,0,0,0,0.131941005588,0.420524209738,-0.0318755358458,253,0.0432315729558
10.0968575615,1152,0,0,0,0.131941005588,0.420524209738,-0.0318755358458,253,0.0432315729558
10.1017201907,1152,0,0,0,0.131941005588,0.420524209738,-0.0318755358458,253,0.0432315729558
10.1212330059,1363,0,27776,0,0.131941005588,0.420524209738,-0.0318755358458,253,0.0432315729558
10.1261151906,1363,0,27776,0,0.131941005588,0.420524209738,-0.0318755358458,253,0.0432315729558
10.1309247404,1363,0,27776,0,0.131941005588,0.420524209738,-0.0318755358458,253,0.0432315729558
10.135952195,1363,0,27776,0,0.131941005588,0.420524209738,-0.0318755358458,253,0.0432315729558
10.1407692877,1363,0,27776,0,0.131941005588,0.420524209738,-0.0318755358458,253,0.0432315729558
10.1505409207,1204,0,0,0,0.131941005588,0.420524209738,-0.0318755358458,253,0.0432315729558
10.1554448959,1204,0,0,0,0.131941005588,0.420524209738,-0.0318755358458,253,0.0432315729558
10.1663208592,1204,0,0,0,0.131941005588,0.420524209738,-0.0318755358458,253,0.0432315729558
10.1709594376,1204,0,0,0,0.131941005588,0.420524209738,-0.0318755358458,253,0.0432315729558
10.4425093133,1345,0,0,0,0.132379546762,1.10760354996,-0.0336477570236,253,0.0421654134989
10.4561610484,1345,0,0,0,0.132379546762,1.10760354996,-0.0336477570236,253,0.0421654134989
10.46104463,1345,0,0,0,0.132379546762,1.10760354996,-0.0336477570236,253,0.0421654134989
10.4661704211,1345,0,0,0,0.132379546762,1.10760354996,-0.0336477570236,253,0.0421654134989
10.4708305106,1345,0,0,0,0.132379546762,1.10760354996,-0.0336477570236,253,0.0421654134989
10.480573369,1442,0,-768,0,0.132379546762,1.10760354996,-0.0336477570236,253,0.0421654134989
10.4855019283,1442,0,-768,0,0.132379546762,1.10760354996,-0.0336477570236,253,0.0421654134989
10.4904114908,1442,0,-768,0,0.132379546762,1.10760354996,-0.0336477570236,253,0.0421654134989
10.495241155,1442,0,-768,0,0.132379546762,1.10760354996,-0.0336477570236,253,0.0421654134989
10.5274726257,1442,0,-768,0,0.132379546762,1.10760354996,-0.0336477570236,253,0.0421654134989
10.5372006777,1330,0,-31904,0,0.132379546762,1.10760354996,-0.0336477570236,253,0.0421654134989
10.5421965641,1330,0,-31904,0,0.132379546762,1.10760354996,-0.0336477570236,253,0.0421654134989
10.547039079,1330,0,-31904,0,0.132379546762,1.10760354996,-0.0336477570236,253,0.0421654134989
10.5518936066,1330,0,-31904,0,0.132379546762,1.10760354996,-0.0336477570236,253,0.0421654134989
10.5567235501,1330,0,-31904,0,0.132379546762,1.10760354996,-0.0336477570236,253,0.0421654134989
10.566541837,1521,0,-23296,0,0.132379546762,1.10760354996,-0.0336477570236,253,0.0421654134989
10.5714698376,1521,0,-23296,0,0.132379546762,1.10760354996,-0.0336477570236,253,0.0421654134989
10.5763472732,1521,0,-23296,0,0.132379546762,1.10760354996,-0.0336477570236,253,0.0421654134989
10.5812146516,1521,0,-23296,0,0.132379546762,1.10760354996,-0.0336477570236,253,0.0421654134989
10.5860895728,1521,0,-23296,0,0.132379546762,1.10760354996,-0.0336477570236,253,0.0421654134989
10.5958642788,1371,0,-4704,0,0.132379546762,1.10760354996,-0.0336477570236,253,0.0421654134989
10.6007461842,1371,0,-4704,0,0.132379546762,1.10760354996,-0.0336477570236,253,0.0421654134989
10.6055968007,1371,0,-4704,0,0.132379546762,1.10760354996,-0.0336477570236,253,0.0421654134989
10.6153592146,1371,0,-4704,0,0.132379546762,1.10760354996,-0.0336477570236,253,0.0421654134989
10.8801395149,1492,0,24368,0,0.0829654708505,0.43146404624,-0.0595209151506,253,0.0230618268251
10.8898030336,1492,0,24368,0,0.0829654708505,0.43146404624,-0.0595209151506,253,0.0230618268251
10.8946631485,1492,0,24368,0,0.0829654708505,0.43146404624,-0.0595209151506,253,0.0230618268251
10.9075843438,1492,0,24368,0,0.0829654708505,0.43146404624,-0.0595209151506,253,0.0230618268251
10.9122117476,1492,0,24368,0,0.0829654708505,0.43146404624,-0.0595209151506,253,0.0230618268251
10.921995952,1549,0,-10304,0,0.0829654708505,0.43146404624,-0.0595209151506,253,0.0230618268251
10.9268700352,1549,0,-10304,0,0.0829654708505,0.43146404624,-0.0595209151506,253,0.0230618268251
10.9317773628,1549,0,-10304,0,0.0829654708505,0.43146404624,-0.0595209151506,253,0.0230618268251
10.9366114967,1549,0,-10304,0,0.0829654708505,0.43146404624,-0.0595209151506,253,0.0230618268251
10.9415179862,1549,0,-10304,0,0.0829654708505,0.43146404624,-0.0595209151506,253,0.0230618268251
10.9571023692,1355,0,32736,0,0.0829654708505,0.43146404624,-0.0595209151506,253,0.0230618268251
10.9620851253,1355,0,32736,0,0.0829654708505,0.43146404624,-0.0595209151506,253,0.0230618268251
10.9669217736,1355,0,32736,0,0.0829654708505,0.43146404624,-0.0595209151506,253,0.0230618268251
10.9795731022,1355,0,32736,0,0.0829654708505,0.43146404624,-0.0595209151506,253,0.0230618268251
10.9845622838,1355,0,32736,0,0.0829654708505,0.43146404624,-0.0595209151506,253,0.0230618268251
10.9942517834,1424,0,-18848,0,0.0829654708505,0.43146404624,-0.0595209151506,253,0.0230618268251
10.9992669459,1424,0,-18848,0,0.0829654708505,0.43146404624,-0.0595209151506,253,0.0230618268251
11.0039803942,1424,0,-18848,0,0.0829654708505,0.43146404624,-0.0595209151506,253,0.0230618268251
11.0089692964,1424,0,-18848,0,0.0829654708505,0.43146404624,-0.0595209151506,253,0.0230618268251
11.0138422621,1424,0,-18848,0,0.0829654708505,0.43146404624,-0.0595209151506,253,0.0230618268251
11.0235124855,1541,0,20032,0,0.0829654708505,0.43146404624,-0.0595209151506,253,0.0230618268251
11.0284678639,1541,0,20032,0,0.0829654708505,0.43146404624,-0.0595209151506,253,0.0230618268251
11.0333779852,1541,0,20032,0,0.0829654708505,0.43146404624,-0.0595209151506,253,0.0230618268251
11.0391784431,1541,0,20032,0,0.0829654708505,0.43146404624,-0.0595209151506,253,0.0230618268251
11.0440718024,1541,0,20032,0,0.0829654708505,0.43146404624,-0.0595209151506,253,0.0230618268251
11.2225964473,1518,0,-7488,0,0.0239297300577,0.666156470776,-0.03767965734,253,0.0262174326926
11.2267659717,1518,0,-7488,0,0.0239297300577,0.666156470776,-0.03767965734,253,0.0262174326926
11.2315341754,1518,0,-7488,0,0.0239297300577,0.666156470776,-0.03767965734,253,0.0262174326926
11.2364515602,1518,0,-7488,0,0.0239297300577,0.666156470776,-0.03767965734,253,0.0262174326926
11.288244735,1466,0,32640,0,0.0239297300577,0.666156470776,-0.03767965734,253,0.0262174326926
11.2930961896,1466,0,32640,0,0.0239297300577,0.666156470776,-0.03767965734,253,0.0262174326926
11.298125041,1466,0,32640,0,0.0239297300577,0.666156470776,-0.03767965734,253,0.0262174326926
11.3029709083,1466,0,32640,0,0.0239297300577,0.666156470776,-0.03767965734,253,0.0262174326926
11.3078120264,1466,0,32640,0,0.0239297300577,0.666156470776,-0.03767965734,253,0.0262174326926
11.3185332214,1474,0,-7168,0,0.0239297300577,0.666156470776,-0.03767965734,253,0.0262174326926
11.3232547712,1474,0,-7168,0,0.0239297300577,0.666156470776,-0.03767965734,253,0.0262174326926
11.3269591526,1474,0,-7168,0,0.0239297300577,0.666156470776,-0.03767965734,253,0.0262174326926
11.3313706072,1474,0,-7168,0,0.0239297300577,0.666156470776,-0.03767965734,253,0.0262174326926
11.336016449,1474,0,-7168,0,0.0239297300577,0.666156470776,-0.03767965734,253,0.0262174326926
11.3457905963,1395,0,-13376,0,0.0239297300577,0.666156470776,-0.03767965734,253,0.0262174326926
11.358657036,1395,0,-13376,0,0.0239297300577,0.666156470776,-0.03767965734,253,0.0262174326926
11.3634017731,1395,0,-13376,0,0.0239297300577,0.666156470776,-0.03767965734,253,0.0262174326926
11.3683641357,1395,0,-13376,0,0.0239297300577,0.666156470776,-0.03767965734,253,0.0262174326926
11.3731736855,1395,0,-13376,0,0.0239297300577,0.666156470776,-0.03767965734,253,0.0262174326926
11.3829316296,1581,0,17280,0,0.0239297300577,0.666156470776,-0.03767965734,253,0.0262174326926
11.3878730397,1581,0,17280,0,0.0239297300577,0.666156470776,-0.03767965734,253,0.0262174326926
11.4006380699,1581,0,17280,0,0.0239297300577,0.666156470776,-0.03767965734,253,0.0262174326926
11.4102906934,1581,0,17280,0,0.0239297300577,0.666156470776,-0.03767965734,253,0.0262174326926
11.4153631258,1581,0,17280,0,0.0239297300577,0.666156470776,-0.03767965734,253,0.0262174326926
11.4249118254,1422,0,3392,0,0.0239297300577,0.666156470776,-0.03767965734,253,0.0262174326926
11.6837304741,1422,0,3392,0,0.00314792711288,0.820512294769,-0.0378088988364,253,0.0188070759177
11.6884377763,1422,0,3392,0,0.00314792711288,0.820512294769,-0.0378088988364,253,0.0188070759177
11.7083430995,1422,0,3392,0,0.00314792711288,0.820512294769,-0.0378088988364,253,0.0188070759177
11.7178786689,1412,0,31488,0,0.00314792711288,0.820512294769,-0.0378088988364,253,0.0188070759177
11.7227834823,1412,0,31488,0,0.00314792711288,0.820512294769,-0.0378088988364,253,0.0188070759177
11.7276072797,1412,0,31488,0,0.00314792711288,0.820512294769,-0.0378088988364,253,0.0188070759177
11.7325850073,1412,0,31488,0,0.00314792711288,0.820512294769,-0.0378088988364,253,0.0188070759177
11.7374381381,1412,0,31488,0,0.00314792711288,0.820512294769,-0.0378088988364,253,0.0188070759177
11.7471499869,1483,0,12224,0,0.00314792711288,0.820512294769,-0.0378088988364,253,0.0188070759177
11.7521777209,1483,0,12224,0,0.00314792711288,0.820512294769,-0.0378088988364,253,0.0188070759177
11.7725755648,1483,0,12224,0,0.00314792711288,0.820512294769,-0.0378088988364,253,0.0188070759177
11.7775287083,1483,0,12224,0,0.00314792711288,0.820512294769,-0.0378088988364,253,0.0188070759177
11.7824011152,1483,0,12224,0,0.00314792711288,0.820512294769,-0.0378088988364,253,0.0188070759177
11.7923778022,1447,0,-19648,0,0.00314792711288,0.820512294769,-0.0378088988364,253,0.0188070759177
11.7969281012,1447,0,-19648,0,0.00314792711288,0.820512294769,-0.0378088988364,253,0.0188070759177
11.8019946669,1447,0,-19648,0,0.00314792711288,0.820512294769,-0.0378088988364,253,0.0188070759177
11.8146381733,1447,0,-19648,0,0.00314792711288,0.820512294769,-0.0378088988364,253,0.0188070759177
11.8194720279,1447,0,-19648,0,0.00314792711288,0.820512294769,-0.0378088988364,253,0.0188070759177
11.8292690831,1534,0,-3200,0,0.00314792711288,0.820512294769,-0.0378088988364,253,0.0188070759177
11.8341174646,1534,0,-3200,0,0.00314792711288,0.820512294769,-0.0378088988364,253,0.0188070759177
11.8389800938,1534,0,-3200,0,0.00314792711288,0.820512294769,-0.0378088988364,253,0.0188070759177
11.8438578087,1534,0,-3200,0,0.00314792711288,0.820512294769,-0.0378088988364,253,0.0188070759177
11.8488064824,1534,0,-3200,0,0.00314792711288,0.820512294769,-0.0378088988364,253,0.0188070759177
11.8604568458,1391,0,32128,0,0.00314792711288,0.820512294769,-0.0378088988364,253,0.0188070759177
11.8654200464,1391,0,32128,0,0.00314792711288,0.820512294769,-0.0378088988364,253,0.0188070759177
12.0480899109,1391,0,32128,0,-0.0181255619973,1.33640050888,-0.13372181356,253,0.0598599947989
12.052928794,1391,0,32128,0,-0.0181255619973,1.33640050888,-0.13372181356,253,0.0598599947989
12.0685036785,1380,0,-7168,0,-0.0181255619973,1.33640050888,-0.13372181356,253,0.0598599947989
12.0775263337,1380,0,-7168,0,-0.0181255619973,1.33640050888,-0.13372181356,253,0.0598599947989
12.0821389311,1380,0,-7168,0,-0.0181255619973,1.33640050888,-0.13372181356,253,0.0598599947989
12.0871214079,1380,0,-7168,0,-0.0181255619973,1.33640050888,-0.13372181356,253,0.0598599947989
12.0916457259,1380,0,-7168,0,-0.0181255619973,1.33640050888,-0.13372181356,253,0.0598599947989
12.1144606368,1460,0,-13568,0,-0.0181255619973,1.33640050888,-0.13372181356,253,0.0598599947989
12.119343939,1460,0,-13568,0,-0.0181255619973,1.33640050888,-0.13372181356,253,0.0598599947989
12.1241526507,1460,0,-13568,0,-0.0181255619973,1.33640050888,-0.13372181356,253,0.0598599947989
12.1291211593,1460,0,-13568,0,-0.0181255619973,1.33640050888,-0.13372181356,253,0.0598599947989
12.1339117122,1460,0,-13568,0,-0.0181255619973,1.33640050888,-0.13372181356,253,0.0598599947989
12.1437244119,1433,0,-3072,0,-0.0181255619973,1.33640050888,-0.13372181356,253,0.0598599947989
12.156397531,1433,0,-3072,0,-0.0181255619973,1.33640050888,-0.13372181356,253,0.0598599947989
12.1612400459,1433,0,-3072,0,-0.0181255619973,1.33640050888,-0.13372181356,253,0.0598599947989
12.1720280091,1433,0,-3072,0,-0.0181255619973,1.33640050888,-0.13372181356,253,0.0598599947989
12.1886295605,1433,0,-3072,0,-0.0181255619973,1.33640050888,-0.13372181356,253,0.0598599947989
12.2208934376,1429,0,22912,0,-0.0181255619973,1.33640050888,-0.13372181356,253,0.0598599947989
12.3927745007,1429,0,22912,0,-0.0181255619973,1.33640050888,-0.13372181356,253,0.0598599947989
12.3976670219,1429,0,22912,0,-0.0181255619973,1.33640050888,-0.13372181356,253,0.0598599947989
12.4073118232,1429,0,22912,0,-0.0181255619973,1.33640050888,-0.13372181356,253,0.0598599947989
12.4121277984,1429,0,22912,0,-0.0181255619973,1.33640050888,-0.13372181356,253,0.0598599947989
12.4209747328,1422,0,7552,0,-0.0181255619973,1.33640050888,-0.13372181356,253,0.0598599947989
12.4259231271,1422,0,7552,0,-0.0181255619973,1.33640050888,-0.13372181356,253,0.0598599947989
12.4308321309,1422,0,7552,0,-0.0181255619973,1.33640050888,-0.13372181356,253,0.0598599947989
12.6593184329,1422,0,7552,0,-0.0210273675621,1.78639984131,-0.13438513875,253,0.0615055114031
12.6886291414,1516,0,6528,0,-0.0210273675621,1.78639984131,-0.13438513875,253,0.0615055114031
12.6934747293,1516,0,6528,0,-0.0210273675621,1.78639984131,-0.13438513875,253,0.0615055114031
12.6984284315,1516,0,6528,0,-0.0210273675621,1.78639984131,-0.13438513875,253,0.0615055114031
12.7033131306,1516,0,6528,0,-0.0210273675621,1.78639984131,-0.13438513875,253,0.0615055114031
12.7081402804,1516,0,6528,0,-0.0210273675621,1.78639984131,-0.13438513875,253,0.0615055114031
12.7198769676,1402,0,0,0,-0.0210273675621,1.78639984131,-0.13438513875,253,0.0615055114031
12.724787927,1402,0,0,0,-0.0210273675621,1.78639984131,-0.13438513875,253,0.0615055114031
12.7450301644,1402,0,0,0,-0.0210273675621,1.78639984131,-0.13438513875,253,0.0615055114031
12.7489982665,1402,0,0,0,-0.0210273675621,1.78639984131,-0.13438513875,253,0.0615055114031
12.7530286671,1402,0,0,0,-0.0210273675621,1.78639984131,-0.13438513875,253,0.0615055114031
12.7628352207,1362,0,0,0,-0.0210273675621,1.78639984131,-0.13438513875,253,0.0615055114031
12.767757634,1362,0,0,0,-0.0210273675621,1.78639984131,-0.13438513875,253,0.0615055114031
12.7726236156,1362,0,0,0,-0.0210273675621,1.78639984131,-0.13438513875,253,0.0615055114031
12.7774996543,1362,0,0,0,-0.0210273675621,1.78639984131,-0.13438513875,253,0.0615055114031
12.782378766,1362,0,0,0,-0.0210273675621,1.78639984131,-0.13438513875,253,0.0615055114031
12.7931061071,1465,0,22976,0,-0.0210273675621,1.78639984131,-0.13438513875,253,0.0615055114031
12.798031314,1465,0,22976,0,-0.0210273675621,1.78639984131,-0.13438513875,253,0.0615055114031
12.8028620956,1465,0,22976,0,-0.0210273675621,1.78639984131,-0.13438513875,253,0.0615055114031
12.8077546169,1465,0,22976,0,-0.0210273675621,1.78639984131,-0.13438513875,253,0.0615055114031
12.888868278,1465,0,22976,0,-0.0210273675621,1.78639984131,-0.13438513875,253,0.0615055114031
12.9027577527,1429,0,-16256,0,-0.0210273675621,1.78639984131,-0.13438513875,253,0.0615055114031
12.9073658803,1429,0,-16256,0,-0.0210273675621,1.78639984131,-0.13438513875,253,0.0615055114031
12.9357454649,1429,0,-16256,0,-0.0210273675621,1.78639984131,-0.13438513875,253,0.0615055114031
12.9405980369,1429,0,-16256,0,-0.0210273675621,1.78639984131,-0.13438513875,253,0.0615055114031
13.1242277999,1431,0,24448,0,-0.0208228733391,1.54019021988,-0.112130992115,253,0.0453521199524
13.1533991052,1431,0,24448,0,-0.0208228733391,1.54019021988,-0.112130992115,253,0.0453521199524
13.1583706868,1431,0,24448,0,-0.0208228733391,1.54019021988,-0.112130992115,253,0.0453521199524
13.1632802493,1431,0,24448,0,-0.0208228733391,1.54019021988,-0.112130992115,253,0.0453521199524
13.1681716531,1431,0,24448,0,-0.0208228733391,1.54019021988,-0.112130992115,253,0.0453521199524
13.180667096,1473,0,-15424,0,-0.0208228733391,1.54019021988,-0.112130992115,253,0.0453521199524
13.1846924679,1473,0,-15424,0,-0.0208228733391,1.54019021988,-0.112130992115,253,0.0453521199524
13.1896213066,1473,0,-15424,0,-0.0208228733391,1.54019021988,-0.112130992115,253,0.0453521199524
13.1945504247,1473,0,-15424,0,-0.0208228733391,1.54019021988,-0.112130992115,253,0.0453521199524
13.1993582983,1473,0,-15424,0,-0.0208228733391,1.54019021988,-0.112130992115,253,0.0453521199524
13.209124344,1474,0,1664,0,-0.0208228733391,1.54019021988,-0.112130992115,253,0.0453521199524
13.2140400526,1474,0,1664,0,-0.0208228733391,1.54019021988,-0.112130992115,253,0.0453521199524
13.2189007262,1474,0,1664,0,-0.0208228733391,1.54019021988,-0.112130992115,253,0.0453521199524
13.2238776157,1474,0,1664,0,-0.0208228733391,1.54019021988,-0.112130992115,253,0.0453521199524
13.2286111782,1474,0,1664,0,-0.0208228733391,1.54019021988,-0.112130992115,253,0.0453521199524
13.2386691605,1419,0,12544,0,-0.0208228733391,1.54019021988,-0.112130992115,253,0.0453521199524
13.2433708753,1419,0,12544,0,-0.0208228733391,1.54019021988,-0.112130992115,253,0.0453521199524
13.2543130482,1419,0,12544,0,-0.0208228733391,1.54019021988,-0.112130992115,253,0.0453521199524
13.2931068055,1419,0,12544,0,-0.0208228733391,1.54019021988,-0.112130992115,253,0.0453521199524
13.3040897656,1419,0,12544,0,-0.0208228733391,1.54019021988,-0.112130992115,253,0.0453521199524
13.3214897424,1486,0,27008,0,-0.0208228733391,1.54019021988,-0.112130992115,253,0.0453521199524
13.3361279157,1486,0,27008,0,-0.0208228733391,1.54019021988,-0.112130992115,253,0.0453521199524
13.3527456702,1486,0,27008,0,-0.0208228733391,1.54019021988,-0.112130992115,253,0.0453521199524
13.369328504,1486,0,27008,0,-0.0208228733391,1.54019021988,-0.112130992115,253,0.0453521199524
13.4013688891,1486,0,27008,0,-0.0208228733391,1.54019021988,-0.112130992115,253,0.0453521199524
18.3703398058,43,0,18016,0,-0.00182327837683,0.798760652542,-0.0180182885379,253,0.0159620456398
18.3752527207,43,0,18016,0,-0.00182327837683,0.798760652542,-0.0180182885379,253,0.0159620456398
18.3800804292,43,0,18016,0,-0.00182327837683,0.798760652542,-0.0180182885379,253,0.0159620456398
18.3850559219,43,0,18016,0,-0.00182327837683,0.798760652542,-0.0180182885379,253,0.0159620456398
18.389908494,43,0,18016,0,-0.00182327837683,0.798760652542,-0.0180182885379,253,0.0159620456398
18.4112955697,-60,0,14936,0,-0.00182327837683,0.798760652542,-0.0180182885379,253,0.0159620456398
18.422107279,-60,0,14936,0,-0.00182327837683,0.798760652542,-0.0180182885379,253,0.0159620456398
18.4719529996,-60,0,14936,0,-0.00182327837683,0.798760652542,-0.0180182885379,253,0.0159620456398
18.74088271,-60,0,14936,0,-0.00202419189736,0.503880143166,-0.0174819361418,253,0.0159695278853
18.7502123873,35,0,19580,0,-0.00202419189736,0.503880143166,-0.0174819361418,253,0.0159695278853
18.7552244769,35,0,19580,0,-0.00202419189736,0.503880143166,-0.0174819361418,253,0.0159695278853
18.7596719695,35,0,19580,0,-0.00202419189736,0.503880143166,-0.0174819361418,253,0.0159695278853
18.7638512716,35,0,19580,0,-0.00202419189736,0.503880143166,-0.0174819361418,253,0.0159695278853
18.7678056848,35,0,19580,0,-0.00202419189736,0.503880143166,-0.0174819361418,253,0.0159695278853
18.7775865368,105,0,-11636,0,-0.00202419189736,0.503880143166,-0.0174819361418,253,0.0159695278853
18.7824801756,105,0,-11636,0,-0.00202419189736,0.503880143166,-0.0174819361418,253,0.0159695278853
18.8146867828,105,0,-11636,0,-0.00202419189736,0.503880143166,-0.0174819361418,253,0.0159695278853
18.819560866,105,0,-11636,0,-0.00202419189736,0.503880143166,-0.0174819361418,253,0.0159695278853
18.8244106444,105,0,-11636,0,-0.00202419189736,0.503880143166,-0.0174819361418,253,0.0159695278853
18.8354047791,63,0,-16448,0,-0.00202419189736,0.503880143166,-0.0174819361418,253,0.0159695278853
18.8399696051,63,0,-16448,0,-0.00202419189736,0.503880143166,-0.0174819361418,253,0.0159695278853
18.8449437009,63,0,-16448,0,-0.00202419189736,0.503880143166,-0.0174819361418,253,0.0159695278853
18.8497730857,63,0,-16448,0,-0.00202419189736,0.503880143166,-0.0174819361418,253,0.0159695278853
18.8547675752,63,0,-16448,0,-0.00202419189736,0.503880143166,-0.0174819361418,253,0.0159695278853
18.8643282875,-19,0,-22384,0,-0.00202419189736,0.503880143166,-0.0174819361418,253,0.0159695278853
19.0275677495,-19,0,-22384,0,-0.00234021805227,0.120981611311,-0.0177306383848,253,0.015894299373
19.0326999661,-19,0,-22384,0,-0.00234021805227,0.120981611311,-0.0177306383848,253,0.015894299373
19.0383233065,-19,0,-22384,0,-0.00234021805227,0.120981611311,-0.0177306383848,253,0.015894299373
19.0568312453,47,0,20574,0,-0.00234021805227,0.120981611311,-0.0177306383848,253,0.015894299373
19.0617997539,47,0,20574,0,-0.00234021805227,0.120981611311,-0.0177306383848,253,0.015894299373
19.066617964,47,0,20574,0,-0.00234021805227,0.120981611311,-0.0177306383848,253,0.015894299373
19.0715319964,47,0,20574,0,-0.00234021805227,0.120981611311,-0.0177306383848,253,0.015894299373
19.0764069176,47,0,20574,0,-0.00234021805227,0.120981611311,-0.0177306383848,253,0.015894299373
19.0861841379,80,0,-13236,0,-0.00234021805227,0.120981611311,-0.0177306383848,253,0.015894299373
19.0906687861,80,0,-13236,0,-0.00234021805227,0.120981611311,-0.0177306383848,253,0.015894299373
19.094720139,80,0,-13236,0,-0.00234021805227,0.120981611311,-0.0177306383848,253,0.015894299373
19.1965003932,80,0,-13236,0,-0.00234021805227,0.120981611311,-0.0177306383848,253,0.015894299373
19.2229182759,80,0,-13236,0,-0.00234021805227,0.120981611311,-0.0177306383848,253,0.015894299373
19.232652474,124,0,-24400,0,-0.00234021805227,0.120981611311,-0.0177306383848,253,0.015894299373
19.2375268365,124,0,-24400,0,-0.00234021805227,0.120981611311,-0.0177306383848,253,0.015894299373
19.2424171228,124,0,-24400,0,-0.00234021805227,0.120981611311,-0.0177306383848,253,0.015894299373
19.2472546092,124,0,-24400,0,-0.00234021805227,0.120981611311,-0.0177306383848,253,0.015894299373
19.4084778931,-2,0,14944,0,-0.00301612610929,0.428979307413,-0.0145239075646,253,0.0160694308579
19.42601867,-2,0,14944,0,-0.00301612610929,0.428979307413,-0.0145239075646,253,0.0160694308579
19.4308812992,-2,0,14944,0,-0.00301612610929,0.428979307413,-0.0145239075646,253,0.0160694308579
19.4406018083,-2,0,14944,0,-0.00301612610929,0.428979307413,-0.0145239075646,253,0.0160694308579
19.4455488058,-2,0,14944,0,-0.00301612610929,0.428979307413,-0.0145239075646,253,0.0160694308579
19.4708774439,52,0,-3990,0,-0.00301612610929,0.428979307413,-0.0145239075646,253,0.0160694308579
19.4758244414,52,0,-3990,0,-0.00301612610929,0.428979307413,-0.0145239075646,253,0.0160694308579
19.4810985754,52,0,-3990,0,-0.00301612610929,0.428979307413,-0.0145239075646,253,0.0160694308579
19.4855737252,52,0,-3990,0,-0.00301612610929,0.428979307413,-0.0145239075646,253,0.0160694308579
19.4907285703,52,0,-3990,0,-0.00301612610929,0.428979307413,-0.0145239075646,253,0.0160694308579
19.5002213969,127,0,-4586,0,-0.00301612610929,0.428979307413,-0.0145239075646,253,0.0160694308579
19.505136826,127,0,-4586,0,-0.00301612610929,0.428979307413,-0.0145239075646,253,0.0160694308579
19.5100958362,127,0,-4586,0,-0.00301612610929,0.428979307413,-0.0145239075646,253,0.0160694308579
19.5229167394,127,0,-4586,0,-0.00301612610929,0.428979307413,-0.0145239075646,253,0.0160694308579
19.5272468987,127,0,-4586,0,-0.00301612610929,0.428979307413,-0.0145239075646,253,0.0160694308579
19.5363041951,66,0,-17843,0,-0.00301612610929,0.428979307413,-0.0145239075646,253,0.0160694308579
19.5412701894,66,0,-17843,0,-0.00301612610929,0.428979307413,-0.0145239075646,253,0.0160694308579
19.7189732215,66,0,-17843,0,-0.00282137840986,1.43629527092,-0.0150596033782,253,0.0161413457245
19.729939699,66,0,-17843,0,-0.00282137840986,1.43629527092,-0.0150596033782,253,0.0161413457245
19.7395004114,88,0,16282,0,-0.00282137840986,1.43629527092,-0.0150596033782,253,0.0161413457245
19.7461761201,88,0,16282,0,-0.00282137840986,1.43629527092,-0.0150596033782,253,0.0161413457245
19.7834400741,88,0,16282,0,-0.00282137840986,1.43629527092,-0.0150596033782,253,0.0161413457245
19.7883700303,88,0,16282,0,-0.00282137840986,1.43629527092,-0.0150596033782,253,0.0161413457245
19.7932307039,88,0,16282,0,-0.00282137840986,1.43629527092,-0.0150596033782,253,0.0161413457245
19.8029942353,140,0,-15410,0,-0.00282137840986,1.43629527092,-0.0150596033782,253,0.0161413457245
19.8078903883,140,0,-15410,0,-0.00282137840986,1.43629527092,-0.0150596033782,253,0.0161413457245
19.8128351508,140,0,-15410,0,-0.00282137840986,1.43629527092,-0.0150596033782,253,0.0161413457245
19.8176298943,140,0,-15410,0,-0.00282137840986,1.43629527092,-0.0150596033782,253,0.0161413457245
19.8225375013,140,0,-15410,0,-0.00282137840986,1.43629527092,-0.0150596033782,253,0.0161413457245
19.8332659598,108,0,15636,0,-0.00282137840986,1.43629527092,-0.0150596033782,253,0.0161413457245
19.936174849,108,0,15636,0,-0.00282137840986,1.43629527092,-0.0150596033782,253,0.0161413457245
19.9406472052,108,0,15636,0,-0.00282137840986,1.43629527092,-0.0150596033782,253,0.0161413457245
19.9455754852,108,0,15636,0,-0.00282137840986,1.43629527092,-0.0150596033782,253,0.0161413457245
20.1156599512,141,0,29378,0,-0.00299013941549,3.02274751663,-0.0141590405256,253,0.0161058362573
20.1340368678,141,0,29378,0,-0.00299013941549,3.02274751663,-0.0141590405256,253,0.0161058362573
20.2034672004,141,0,29378,0,-0.00299013941549,3.02274751663,-0.0141590405256,253,0.0161058362573
20.2082449026,141,0,29378,0,-0.00299013941549,3.02274751663,-0.0141590405256,253,0.0161058362573
20.2131125604,141,0,29378,0,-0.00299013941549,3.02274751663,-0.0141590405256,253,0.0161058362573
20.2229079394,84,0,-15278,0,-0.00299013941549,3.02274751663,-0.0141590405256,253,0.0161058362573
20.2277577178,84,0,-15278,0,-0.00299013941549,3.02274751663,-0.0141590405256,253,0.0161058362573
20.2327119788,84,0,-15278,0,-0.00299013941549,3.02274751663,-0.0141590405256,253,0.0161058362573
20.2374863286,84,0,-15278,0,-0.00299013941549,3.02274751663,-0.0141590405256,253,0.0161058362573
20.2424009197,84,0,-15278,0,-0.00299013941549,3.02274751663,-0.0141590405256,253,0.0161058362573
20.2521764638,469,0,14656,0,-0.00299013941549,3.02274751663,-0.0141590405256,253,0.0161058362573
20.2571022295,469,0,14656,0,-0.00299013941549,3.02274751663,-0.0141590405256,253,0.0161058362573
20.2619486555,469,0,14656,0,-0.00299013941549,3.02274751663,-0.0141590405256,253,0.0161058362573
20.2668395006,469,0,14656,0,-0.00299013941549,3.02274751663,-0.0141590405256,253,0.0161058362573
20.2716750313,469,0,14656,0,-0.00299013941549,3.02274751663,-0.0141590405256,253,0.0161058362573
20.2816112104,202,0,-13072,0,-0.00299013941549,3.02274751663,-0.0141590405256,253,0.0161058362573
20.4448087676,202,0,-13072,0,-0.00299495249055,2.35500621796,-0.0152877895162,253,0.0161815956235
20.4543275752,202,0,-13072,0,-0.00299495249055,2.35500621796,-0.0152877895162,253,0.0161815956235
20.4592052901,202,0,-13072,0,-0.00299495249055,2.35500621796,-0.0152877895162,253,0.0161815956235
20.4689364151,-112,0,10656,0,-0.00299495249055,2.35500621796,-0.0152877895162,253,0.0161815956235
20.4738744729,-112,0,10656,0,-0.00299495249055,2.35500621796,-0.0152877895162,253,0.0161815956235
20.4787404544,-112,0,10656,0,-0.00299495249055,2.35500621796,-0.0152877895162,253,0.0161815956235
20.4896778781,-112,0,10656,0,-0.00299495249055,2.35500621796,-0.0152877895162,253,0.0161815956235
20.4943622723,-112,0,10656,0,-0.00299495249055,2.35500621796,-0.0152877895162,253,0.0161815956235
